Workbook

Sheet 汇总清单
A1: 汇总清单
A2: 项目名称：先进金属基复合材料研发及产业化项目630kVA临时基建箱变工程
A3: 序号 | B3: 项目名称 | C3: 价格 | D3: 备注
A4: 1 | B4: =材料清单!A1 -> 表1-材料清单 | C4: =材料清单!G15 -> 170520
A5: 2 | B5: =施工清单!A1 -> 表2-施工清单 | C5: =施工清单!G11 -> 59380
A6: 3 | B6: =调试清单!A1 -> 表3-调试清单 | C6: =调试清单!G11 -> 6000
A7: 合计 | C7: =SUM(C4:C6) -> 235900

Sheet 材料清单
A1: 表1-材料清单
A2: 项目名称：先进金属基复合材料研发及产业化项目630kVA临时基建箱变工程
A3: 序号 | B3: 项目名称 | C3: 项目特征描述 | D3: 计量单位 | E3: 工程量 | F3: 单价 | G3: 总价 | H3: 备注
A4: 1 | B4: 630KVA终端型箱变 | C4: 1、位置：三河县 2、低压出线：630A*3,400A*3 | D4: 台 | E4: 1 | F4: 150000 | G4: =E4*F4 -> 150000
A5: 2 | B5: 电力电缆 | C5: 1.型号: YJLV22-8.7/15kV-3x70 2.规格:70mm2以下 3.电压等级（KV）:10 | D5: 米 | E5: 280 | F5: 70 | G5: =E5*F5 -> 19600
A6: 3 | B6: 电力电缆头 | C6: 1.终端型号、规格:YJLV22-8.7/15kV 3x70m2户内(普通) 2.电压等级：AC 10kV | D6: 套 | E6: 2 | F6: 0 | G6: =E6*F6 -> 0
A7: 4 | B7: 电力电缆头 | C7: 1.终端型号、规格:YJLV22-8.7/15kV 3x70mm2户内(肘式接头) 2.电压等级：AC 10kV | D7: 套 | E7: 1 | F7: 0 | G7: =E7*F7 -> 0
A8: 5 | B8: 接线端子 | C8: 1.名称:接线端子 2.规格:70mm2以内 3.材质:铝电线压铝接线端子 | D8: 个 | E8: 6 | F8: 0 | G8: =E8*F8 -> 0
A9: 6 | B9: 电缆保护管(拉管) | C9: PE管-直径160 | D9: 米 | E9: 247 | F9: 0 | G9: =E9*F9 -> 0
A10: 7 | B10: 电缆标桩 | C10: 15*15*100cm玻璃钢 | D10: 个 | E10: 10 | F10: 50 | G10: =E10*F10 -> 500
A11: 8 | B11: 电缆故障指示器 | C11: 材质：抗UV阻燃工程塑料外壳 开口尺寸：92*44mm | D11: 套 | E11: 2 | F11: 70 | G11: =E11*F11 -> 140
A12: 9 | B12: 标识牌 | D12: 面 | E12: 2 | F12: 10 | G12: =E12*F12 -> 20
A13: 10 | B13: 阻火包 | C13: 320*180*40mm | D13: 包 | E13: 2 | F13: 30 | G13: =E13*F13 -> 60
A14: 11 | B14: 防火堵料 | D14: kg | E14: 4 | F14: 50 | G14: =E14*F14 -> 200
A15: 合计 | G15: =SUM(G4:G14) -> 170520

Sheet 施工清单
A1: 表2-施工清单
A2: 项目名称：先进金属基复合材料研发及产业化项目630kVA临时基建箱变工程
A3: 序号 | B3: 项目名称 | C3: 项目特征描述 | D3: 计量单位 | E3: 工程量 | F3: 单价 | G3: 总价 | H3: 备注
A4: 1 | B4: 箱变基础 | C4: 630KVA终端型箱变 | D4: 座 | E4: 1 | F4: 18000 | G4: =E4*F4 -> 18000
A5: 2 | B5: 箱变安装 | C5: 630KVA终端型箱变 | D5: 台 | E5: 1 | F5: 2000 | G5: =E5*F5 -> 2000
A6: 3 | B6: 放电缆 | C6: YJLV22-8.7/15kV-3x70 | D6: 米 | E6: 280 | F6: 18 | G6: =E6*F6 -> 5040
A7: 4 | B7: 制作电缆头 | C7: YJLV22-8.7/15kV 3x70mm2 | D7: 套 | E7: 3 | F7: 1500 | G7: =E7*F7 -> 4500 | H7: 含材料
A8: 5 | B8: 安装电缆标桩 | C8: 15*15*100cm玻璃钢 | D8: 个 | E8: 10 | F8: 20 | G8: =E8*F8 -> 200
A9: 6 | B9: 拉管施工 | C9: PE管-直径160 | D9: 米 | E9: 247 | F9: 120 | G9: =E9*F9 -> 29640 | H9: 含材料
A10: 7 | B10: 围挡施工 | D10: 米 | E10: 40 | F10: 0 | G10: =E10*F10 -> 0
A11: 合计 | G11: =SUM(G4:G10) -> 59380

Sheet 调试清单
A1: 表3-调试清单
A2: 项目名称：先进金属基复合材料研发及产业化项目630kVA临时基建箱变工程
A3: 序号 | B3: 项目名称 | C3: 项目特征描述 | D3: 计量单位 | E3: 工程量 | F3: 单价 | G3: 总价 | H3: 备注
A4: 1 | B4: 电力变压器系统 | C4: 1.名称:变压器系统调试 2.容里(kV.A):630 | D4: 系统 | E4: 1 | F4: 1500 | G4: =E4*F4 -> 1500
A5: 2 | B5: 送配电装置系统 | C5: 1.名称:断路器系统调试 2.电压等级(v):10 | D5: 系统 | E5: 1 | F5: 500 | G5: =E5*F5 -> 500
A6: 3 | B6: 电缆试验 | C6: 1.名称:电缆交流耐压试验 2.电压等级(V):12 | D6: 根 | E6: 1 | F6: 1000 | G6: =E6*F6 -> 1000
A7: 4 | B7: 不间断电源 | C7: 1.名称:UPS调试 2.容量:1kv·A以下 | D7: 系统 | E7: 1 | F7: 500 | G7: =E7*F7 -> 500
A8: 5 | B8: 避雷器 | C8: 1.名称:高压避雷器调试 2.电压等级 (v):10 | D8: 组 | E8: 2 | F8: 500 | G8: =E8*F8 -> 1000
A9: 6 | B9: 电容器 | C9: 1.名称:电容器调试 2.电压等级(kV):1 | D9: 组 | E9: 1 | F9: 500 | G9: =E9*F9 -> 500
A10: 7 | B10: 接地装置 | C10: 1.名称:接地系统调试 | D10: 组 | E10: 2 | F10: 500 | G10: =E10*F10 -> 1000
A11: 合计 | G11: =SUM(G4:G10) -> 6000
